[
  {
    "id": "fox_book",
    "type": "GENERIC",
    "name": { "str": "Foxes do it Better", "str_pl": "copies of Foxes do it Better" },
    "description": "A short, sometime humourous, treatice on why foxes are objectively the best. the author seems to get \"Objective\" and \"Subjective\" mixed up a lot.",
    "weight": "435 g",
    "volume": "500 ml",
    "symbol": "?",
    "color": "red",
    "use_action": { "type": "learn_spell", "spells": [ "foxs_cunning", "obfuscated_body", "summon_wisps" ] }
  },
  {
    "id": "novels",
    "type": "item_group",
    "items": [ [ "fox_book", 50 ] ]
  },
  {
    "id": "spellbook_tier_0",
    "type": "item_group",
    "items": [ [ "fox_book", 30 ] ]
  },
  {
    "id": "shelter_supplies",
    "type": "item_group",
    "subtype": "collection",
    "items": [ [ "fox_plush", 2 ] ]
  },
  {
    "type": "profession",
    "ident": "fox_mage",
    "name": "Fox Mage",
    "description": "You love foxes, they're objectively the best animal. You even wrote and published a book about them!",
    "spells": [ { "id": "foxs_cunning", "level": 1 }, { "id": "summon_wisps", "level": 1 } ],
    "points": 2,
    "skills": [ { "level": 1, "name": "spellcraft" } ],
    "items": {
      "both": [ "jeans", "tshirt", "mbag", "boots", "hoodie", "fox_plush" ],
      "male": [ "boxer_briefs", "socks" ],
      "female": [ "bra", "panties", "stockings" ]
    }
  },
  {
    "type": "GENERIC",
    "id": "fox_plush",
    "symbol": "o",
    "color": "red",
    "name": "fox plushy",
    "description": "A mass produced plush fox.",
    "price": 200,
    "material": [ "cotton" ],
    "weight": "400 g",
    "volume": "750 ml",
    "flags": [ "SLEEP_AID" ]
  },
  {
    "type": "GENERIC",
    "id": "magic_fox_plush",
    "symbol": "o",
    "color": "red",
    "name": "magical fox plushy",
    "description": "A modified plush fox, with some subtle sewn inscriptions.",
    "price": 350,
    "use_action": { "type": "cast_spell", "spell_id": "self_sleep", "no_fail": false, "level": 1 },
    "material": [ "cotton" ],
    "qualities": [ [ "MANA_FOCUS", 3 ] ],
    "weight": "400 g",
    "volume": "750 ml",
    "flags": [ "SLEEP_AID", "MAGIC_FOCUS" ]
  },
  {
    "type": "recipe",
    "result": "magic_fox_plush",
    "category": "CC_ENCHANTED",
    "subcategory": "CSC_ENCHANTED_TOOLS",
    "skill_used": "tailor",
    "difficulty": 1,
    "time": "20 m",
    "skills_required": [ [ "spellcraft", 4 ], [ "tailor", 2 ] ],
    "qualities": [ { "id": "SEW", "level": 1 }, { "id": "MANA_INFUSE", "level": 1 } ],
    "components": [
      [ [ "fox_plush", 1 ] ],
      [ [ "plant_fibre", 20, "false" ], [ "sinew", 20, "false" ], [ "thread", 20, "false" ] ]
    ]
  },
  {
    "name" : "GROUP_MFOX",
    "type": "monstergroup",
    "default" : "mon_fox_red",
    "monsters" : [
        { "monster" : "mon_fox_gray", "freq" : 350, "cost_multiplier" : 1 },
        { "monster" : "mon_fox_twotail", "freq" : 40, "cost_multiplier" : 2 },
        { "monster" : "mon_fox_threetail", "freq" : 5, "cost_multiplier" : 3 }
    ]
  },
  {
    "id": "summon_foxes",
    "type": "SPELL",
    "name": { "str": "Summon \"Cuteness\"" },
    "description": "Apparently \"Makes the world an objectively better place\"",
    "valid_targets": [ "ground" ],
    "flags": [ "SOMATIC", "SPAWN_GROUP" ],
    "min_damage": 1,
    "max_damage": 8,
    "damage_increment": 0.5,
    "min_range": 3,
    "range_increment": 0.8,
    "max_range": 7,
    "min_aoe": 3,
    "max_aoe": 3,
    "spell_class": "DRUID",
    "base_casting_time": 250,
    "energy_source": "MANA",
    "max_level": 25,
    "min_duration": 6000,
    "max_duration": 60000,
    "duration_increment": 1000,
    "difficulty": 1,
    "base_energy_cost": 270,
    "effect": "summon",
    "effect_str": "GROUP_MFOX",
    "shape": "blast"
  },
  {
    "type": "effect_type",
    "id": "lullaby",
    "name": [ "Lullaby" ],
    "apply_message": "You feel calm and sleepy, an ethereal tune ringing in your ears.",
    "base_mods": {
      "sleep_chance": [ 90 ],
      "sleep_min": [ 15000 ],
      "sleep_max": [ 35000 ]
    }
  },
  {
    "id": "self_sleep",
    "type": "SPELL",
    "name": "Lullaby",
    "description": "A spell to help sleep",
    "valid_targets": [ "self" ],
    "spell_class": "NONE",
    "min_duration": 500,
    "max_duration": 500,
    "max_level": 1,
    "energy_source": "MANA",
    "base_energy_cost": 100,
    "base_casting_time": 100,
    "difficulty": 6,
    "flags": [ "VERBAL" ],
    "effect": "attack",
    "effect_str": "lullaby",
    "shape": "blast"
  }
]
