[
  {
    "id": "summon_foxfire",
    "type": "SPELL",
    "name": "Foxfire",
    "description": "Summons ghostly foxfire worked from living marsh vapor, to lead your enemies astray.  With more experience, this spell can conjure multiple ghost lights.",
    "valid_targets": [ "ground" ],
    "effect": "summon",
    "effect_str": "mon_foxfire",
    "shape": "blast",
    "flags": [ "LOUD", "SOMATIC" ],
    "spell_class": "THRESH_FOX",
    "energy_source": "MANA",
    "difficulty": 2,
    "base_casting_time": 250,
    "base_energy_cost": 300,
    "max_level": 25,
    "min_damage": 1,
    "max_damage": 8,
    "damage_increment": 0.28,
    "min_aoe": 3,
    "max_aoe": 3,
    "min_range": 3,
    "max_range": 7,
    "range_increment": 0.16,
    "min_duration": 6000,
    "max_duration": 60000,
    "duration_increment": 2160
  },
  {
    "id": "mon_foxfire",
    "type": "MONSTER",
    "name": "foxfire",
    "description": "Foxfire can be yellow, white, red, or orange.  They are easily mistaken for lanterns, especially in the foggy marshes and swamps where they reside.",
    "default_faction": "fox",
    "bodytype": "blob",
    "species": [ "MAGICAL_BEAST" ],
    "volume": "1500 ml",
    "weight": "136 g",
    "hp": 20,
    "speed": 160,
    "luminance": 16,
    "material": [ "powder" ],
    "symbol": "o",
    "color": "yellow",
    "aggression": 5,
    "morale": 40,
    "melee_skill": 6,
    "melee_dice": 1,
    "melee_dice_sides": 4,
    "melee_damage": [ { "damage_type": "heat", "amount": 8 } ],
    "dodge": 9,
    "vision_day": 20,
    "vision_night": 20,
    "harvest": "",
    "death_drops": "wisp_death",
    "anger_triggers": [ "PLAYER_CLOSE" ],
    "death_function": { "corpse_type": "NO_CORPSE", "message": "The %s melts away." },
    "flags": [
      "SEES",
      "HEARS",
      "FLIES",
      "PATH_AVOID_DANGER_1",
      "FIREY",
      "HARDTOSHOOT",
      "NOGIB",
      "NOHEAD",
      "NO_BREATHE",
      "GROUP_MORALE",
      "SWARMS"
    ]
  },
  {
    "id": "kitsune_firebolt",
    "type": "SPELL",
    "name": "Firebolt",
    "description": "You launch a bolt of flame that blooms beautifully briefly when it lands",
    "effect": "attack",
    "shape": "blast",
    "valid_targets": [ "self", "ally", "hostile", "ground" ],
    "flags": [ "SOMATIC", "VERBAL", "NO_LEGS" ],
    "spell_class": "THRESH_FOX",
    "max_level": 10,
    "min_damage": 12,
    "max_damage": 30,
    "damage_increment": 1.5,
    "min_aoe": 1,
    "max_aoe": 2,
    "aoe_increment": 0.1,
    "min_range": 3,
    "max_range": 15,
    "range_increment": 1.2,
    "base_casting_time": 150,
    "base_energy_cost": 300,
    "energy_source": "MANA",
    "difficulty": 3,
    "damage_type": "heat"
  },
  {
    "id": "mon_kitsune_escape",
    "type": "SPELL",
    "name": "Escape",
    "description": "Teleports you in a random direction a medium distance, to help escape your foes in dangerous situations.",
    "effect": "none",
    "shape": "blast",
    "extra_effects": [
      { "id": "mon_kitsune_image" },
      { "id": "mon_kitsune_poof", "hit_self": true }
    ],
    "valid_targets": [ "self" ],
    "flags": [ "SOMATIC", "SILENT", "NO_LEGS", "VERBAL", "WONDER" ],
    "min_damage": 2,
    "max_damage": 2,
    "max_level": 20,
    "difficulty": 5,
    "base_casting_time": 100,
    "energy_source": "MANA",
    "base_energy_cost": 250
  },
  {
    "id": "mon_kitsune_poof",
    "type": "SPELL",
    "name": "Escape",
    "description": "Teleports you in a random direction a medium distance, to help escape your foes in dangerous situations.",
    "effect": "short_range_teleport",
    "shape": "blast",
    "valid_targets": [ "self" ],
    "flags": [ "SOMATIC", "SILENT", "NO_LEGS", "VERBAL" ],
    "min_aoe": 5,
    "max_aoe": 10,
    "aoe_increment": 0.25,
    "min_range": 25,
    "max_range": 35,
    "range_increment": 0.5,
    "max_level": 20,
    "difficulty": 5
  },
  {
    "id": "mon_kitsune_image",
    "type": "SPELL",
    "name": "Mirror Image",
    "description": "This spell manipulates light into barely tangible duplicates of a living being, a magical hologram in short.",
    "valid_targets": [ "ground" ],
    "flags": [ "SOMATIC", "VERBAL", "CONCENTRATE" ],
    "effect": "summon",
    "shape": "blast",
    "effect_str": "mon_kitsune_illusion",
    "spell_class": "TECHNOMANCER",
    "energy_source": "MANA",
    "difficulty": 5,
    "max_level": 20,
    "final_casting_time": 130,
    "base_energy_cost": 200,
    "energy_increment": -2.0,
    "final_energy_cost": 160,
    "min_damage": 1,
    "max_damage": 1,
    "min_range": 1,
    "max_range": 1,
    "min_aoe": 3,
    "max_aoe": 3,
    "min_duration": 3000,
    "max_duration": 6000,
    "duration_increment": 200
  },
  {
    "id": "mon_kitsune_illusion",
    "type": "MONSTER",
    "name": "definitely a kitsune",
    "description": "This is definitely a kitsune. you're sure of it.",
    "looks_like": "mon_fox_fivetail",
    "default_faction": "fox",
    "species": [ "UNKNOWN", "FOX" ],
    "volume": "62500 ml",
    "weight": "81500 g",
    "hp": 1,
    "speed": 150,
    "symbol": "d",
    "color": "red",
    "aggression": -99,
    "morale": 2,
    "luminance": 10,
    "dodge": 6,
    "harvest": "exempt",
    "fear_triggers": [ "PLAYER_CLOSE" ],
    "special_attacks": [ [ "DISAPPEAR", 200 ] ],
    "death_function": { "corpse_type": "NO_CORPSE", "message": "The %s fades away." },
    "flags": [ "FLIES", "NO_BREATHE", "NOT_HALLUCINATION", "HARDTOSHOOT" ]
  },
  {
    "id": "kitsune_escape",
    "type": "SPELL",
    "name": "Escape",
    "description": "Teleports you in a random direction a medium distance, to help escape your foes in dangerous situations.",
    "effect": "none",
    "shape": "blast",
    "extra_effects": [
      { "id": "kitsune_image" },
      { "id": "kitsune_poof", "hit_self": true }
    ],
    "valid_targets": [ "self" ],
    "flags": [ "SOMATIC", "SILENT", "NO_LEGS", "VERBAL", "WONDER" ],
    "spell_class": "THRESH_FOX",
    "min_damage": 2,
    "max_damage": 2,
    "max_level": 20,
    "difficulty": 5,
    "base_casting_time": 100,
    "energy_source": "MANA",
    "base_energy_cost": 250
  },
  {
    "id": "kitsune_poof",
    "type": "SPELL",
    "name": "Escape",
    "description": "Teleports you in a random direction a medium distance, to help escape your foes in dangerous situations.",
    "effect": "short_range_teleport",
    "shape": "blast",
    "valid_targets": [ "self" ],
    "flags": [ "SOMATIC", "SILENT", "NO_LEGS", "VERBAL" ],
    "min_aoe": 5,
    "max_aoe": 10,
    "aoe_increment": 0.25,
    "min_range": 25,
    "max_range": 35,
    "range_increment": 0.5,
    "max_level": 20,
    "difficulty": 5
  },
  {
    "id": "kitsune_image",
    "type": "SPELL",
    "name": "Mirror Image",
    "description": "This spell manipulates light into barely tangible duplicates of a living being, a magical hologram in short.",
    "valid_targets": [ "ground" ],
    "flags": [ "SOMATIC", "VERBAL", "CONCENTRATE" ],
    "effect": "summon",
    "shape": "blast",
    "effect_str": "mon_mirror_image",
    "spell_class": "TECHNOMANCER",
    "energy_source": "MANA",
    "difficulty": 5,
    "max_level": 20,
    "final_casting_time": 130,
    "base_energy_cost": 200,
    "energy_increment": -2.0,
    "final_energy_cost": 160,
    "min_damage": 1,
    "max_damage": 1,
    "min_range": 1,
    "max_range": 1,
    "min_aoe": 3,
    "max_aoe": 3,
    "min_duration": 3000,
    "max_duration": 6000,
    "duration_increment": 200
  }
]
