[
  {
    "type": "mutation_category",
    "id": "KITSUNE",
    "name": "Kitsune",
    "threshold_mut": "THRESH_FOX",
    "mutagen_message": "You feel a warmth grow inside you",
    "memorial_message": "Found a fluffier way of life.",
	"vitamin": "mutagen_kitsune"
  },
  {
    "type": "mutation",
    "id": "THRESH_FOX",
    "name": { "str": "Kitsune" },
    "points": 1,
    "description": "You're craftier than those silly humans. Why don't you just get them to do the hard work now?",
    "anger_relations": [ [ "FOX", -35 ] ],
    "valid": false,
    "purifiable": false,
    "threshold": true
  },
  {
    "type": "mutation",
    "id": "KITSUNE_FUR",
    "name": { "str": "Soft Fur" },
    "points": 2,
    "visibility": 10,
    "ugliness": 1,
    "bodytemp_sleep": 300,
    "description": "Soft fur has grown to cover your entire body, providing a marginal protection against attacks, and considerable protection from cold.",
    "types": [ "SKIN" ],
    "prereqs": [ "LIGHTFUR" ],
	"changes_to": [ "GLAM_FUR" ],
    "category": [ "KITSUNE" ],
	"integrated_armor": [ "integrated_fur" ]
  },
  {
    "type": "mutation",
	"id": "GLAM_FUR",
	"name": { "str": "Kitsune Fur" },
	"points": 4,
	"visibility": 10,
	"ugliness": 1,
	"bodytemp_sleep": 300,
	"active": true,
	"description": "Luxuriously soft fur has grown to cover your entire body, providing a marginal protection against attacks, and considerable protection from cold. It occasionally glimmers with magical potential.",
	"types": [ "SKIN" ],
	"prereqs": [ "KITSUNE_FUR" ],
	"threshreq": [ "THRESH_FOX" ],
	"category": [ "KITSUNE" ],
	"integrated_armor": [ "integrated_fur" ],
	"transform": {
      "target": "HIDDEN_FUR",
      "msg_transform": "Your fur fades as you draw its magic into yourself.",
      "active": false,
      "moves": 100
	  }
  },
  {
    "type": "mutation",
	"id": "HIDDEN_FUR",
	"name": { "str": "Concealed Fur" },
	"points": 2,
	"visibility": 2,
	"ugliness": 0,
	"bodytemp_sleep": 300,
	"active": true,
	"description": "Luxuriously soft fur has grown to cover your entire body, providing a marginal protection against attacks, and considerable protection from cold. Though, your coat is now concealed with a magical glamour, hiding it from casual observation",
	"types": [ "SKIN" ],
	"transform": {
      "target": "GLAM_FUR",
      "msg_transform": "With a thought, your magic surges and you're engulfed in luxurious fluff.",
      "active": false,
      "moves": 100
	  }
  },
  {
    "type": "mutation",
    "id": "FOX_EARS",
    "name": { "str": "Fox Ears" },
    "points": 1,
    "visibility": 4,
    "ugliness": 0,
    "description": "You have cute and fluffy fox ears, pointing straight up and alert.",
    "types": [ "EARS" ],
    "category": [ "KITSUNE" ],
	"flags": [ "KITSUNE_MARKER_EARS" ],
    "hearing_modifier": 1.75
  },
  {
    "type": "mutation",
    "id": "FOX_MUZZLE",
    "name": { "str": "Fox Muzzle" },
    "points": -2,
    "visibility": 6,
    "ugliness": 3,
    "mixed_effect": true,
    "description": "Your jaw and nose have extended into a vulpine muzzle.  It lends itself to biting in combat and looks impressive, but prevents wearing mouthgear.",
    "types": [ "MUZZLE" ],
    "prereqs": [ "SNOUT" ],
    "category": [ "KITSUNE" ],
    "changes_to": [ "KITSUNE_MUZZLE" ],
    "restricts_gear": [ "mouth" ],
    "social_modifiers": { "intimidate": 6 },
    "attacks": {
      "attack_text_u": "You nip at %s",
      "attack_text_npc": "%1$s nips and harries %2$s",
      "blocker_mutations": [ "FANGS" ],
      "body_part": "mouth",
      "chance": 18,
      "base_damage": { "damage_type": "cut", "amount": 4 }
    },
	"flags": [ "KITSUNE_MARKER_FACE" ]
  },
  {
    "type": "mutation",
    "id": "FOX_TWOTAIL",
    "name": { "str": "Two Tailed" },
    "points": 2,
    "visibility": 7,
    "description": "You have two long, fluffy tails.  You can feel their power flowing through you.  Prevents wearing non-fabric pants.",
    "types": [ "TAIL" ],
    "prereqs": [ "TAIL_FLUFFY" ],
    "changes_to": [ "FOX_THREETAIL" ],
    "category": [ "KITSUNE" ],
    "restricts_gear": [ "leg_l", "leg_r" ],
    "encumbrance_covered" : [
      [ "leg_l", 4 ],
      [ "leg_r", 4 ]
    ],
    "threshreq": [ "THRESH_FOX" ],
    "allow_soft_gear": true,
    "social_modifiers": { "lie": -15, "persuade": 10 },
    "dodge_modifier": 5,
    "spells_learned": [ [ "summon_foxfire", 0 ] ],
    "mana_modifier": 200,
    "mana_regen_multiplier": 1.2,
    "mana_multiplier": 1.2
  },
  {
    "type": "mutation",
    "id": "FOX_THREETAIL",
    "name": { "str": "Three Tailed" },
    "points": 3,
    "visibility": 7,
    "description": "You have three long, fluffy tails.  You can feel their power flowing through you.  Prevents wearing non-fabric pants.",
    "types": [ "TAIL" ],
    "prereqs": [ "FOX_TWOTAIL" ],
    "changes_to": [ "FOX_FOURTAIL" ],
    "category": [ "KITSUNE" ],
    "restricts_gear": [ "leg_l", "leg_r" ],
    "encumbrance_covered" : [
      [ "leg_l", 7 ],
      [ "leg_r", 7 ]
    ],
    "threshreq": [ "THRESH_FOX" ],
    "allow_soft_gear": true,
    "social_modifiers": { "lie": -20, "persuade": 15 },
    "dodge_modifier": 5,
    "spells_learned": [ [ "kitsune_firebolt", 0 ] ],
    "mana_modifier": 300,
    "mana_regen_multiplier": 1.3,
    "mana_multiplier": 1.3
  },
  {
    "type": "mutation",
    "id": "KITSUNE_MUZZLE",
    "name": { "str": "Kitsune Muzzle" },
    "points": -4,
    "visibility": 6,
    "active": true,
    "ugliness": 3,
    "mixed_effect": true,
    "description": "Your jaw and nose have extended into a vulpine muzzle.  It lends itself to biting in combat and looks impressive, but prevents wearing mouthgear.  You can morph your face back to a normal human face at will.",
    "types": [ "MUZZLE" ],
    "prereqs": [ "FOX_MUZZLE" ],
    "category": [ "KITSUNE" ],
    "threshreq": [ "THRESH_FOX" ],
    "restricts_gear": [ "mouth" ],
    "social_modifiers": { "intimidate": 6 },
    "attacks": {
      "attack_text_u": "You nip at %s",
      "attack_text_npc": "%1$s nips and harries %2$s",
      "blocker_mutations": [ "FANGS" ],
      "body_part": "mouth",
      "chance": 18,
      "base_damage": { "damage_type": "cut", "amount": 4 }
    },
    "transform": {
      "target": "KITSUNE_MUZZLE_HIDDEN",
      "msg_transform": "Your face shifts.",
      "active": false,
      "moves": 100
    }
  },
  {
    "type": "mutation",
    "id": "KITSUNE_MUZZLE_HIDDEN",
    "name": { "str": "Kitsune Face" },
    "points": -2,
    "active": true,
    "visibility": 0,
    "ugliness": -1,
    "mixed_effect": true,
    "description": "Your face is normal, if slightly prettier.  You can morph your face back to a vulpine muzzle at will.",
    "types": [ "MUZZLE" ],
    "transform": {
      "target": "KITSUNE_MUZZLE",
      "msg_transform": "Your face shifts.",
      "active": false,
      "moves": 100
    }
  },
  {
    "type": "mutation",
    "id": "FOX_FOURTAIL",
    "name": { "str": "Four Tailed" },
    "points": 4,
    "visibility": 8,
    "description": "You have four long, fluffy tails.  You can feel their power flowing through you.  Prevents wearing non-fabric pants.",
    "types": [ "TAIL" ],
    "prereqs": [ "FOX_THREETAIL" ],
    "category": [ "KITSUNE" ],
    "restricts_gear": [ "leg_l", "leg_r" ],
    "encumbrance_covered" : [
      [ "leg_l", 10 ],
      [ "leg_r", 10 ]
    ],
    "threshreq": [ "THRESH_FOX" ],
    "allow_soft_gear": true,
    "social_modifiers": { "lie": -15, "persuade": 15 },
    "dodge_modifier": 5,
    "spells_learned": [ [ "kitsune_escape", 0 ] ],
    "mana_modifier": 400,
    "mana_regen_multiplier": 1.4,
    "mana_multiplier": 1.4
  },
  {
    "type": "mutation",
    "id": "INNER_FLAME",
    "name": { "str": "Inner Flame" },
    "points": -2,
    "description": "You randomly and accidentally set nearby things on fire.",
    "prereqs": [ "PYROMANIA" ],
    "category": [ "KITSUNE", "MANATOUCHED" ],
    "changes_to": [ "ETERNAL_FLAME" ],
    "armor": [ { "parts": "ALL", "heat": 5 } ]
  },
  {
    "type": "mutation",
    "id": "ETERNAL_FLAME",
    "name": { "str": "Eternal Flame" },
    "points": -3,
    "description": "You're practically one with the flame.",
    "prereqs": [ "INNER_FLAME" ],
    "category": [ "KITSUNE" ],
    "threshreq": [ "THRESH_FOX" ],
    "armor": [ { "parts": "ALL", "heat": 5 } ]
  }
]
