[
  {
    "id": "star_pearl",
    "type": "COMESTIBLE",
    "name": { "str": "star pearl" },
    "description": "A Pearl treasured by kitsune.",
    "price": 100000,
    "price_postapoc": 50,
    "comestible_type": "MED",
    "category": "mutagen",
    "weight": "100 g",
    "volume": "250 ml",
    "symbol": "*",
    "color": "yellow",
    "healthy": 2,
    "addiction_type": "mutagen",
    "material": [ "gemstone" ],
    "flags": [ "CARNIVORE_OK", "NO_INGEST" ],
    "use_action": { 
		"type": "consume_drug",
		"activation_message": "A warm energy flows from the pearl into you as the pearl crumbles to dust.",
		"effects": [ { "id": "kitsune_pearl_effect", "duration": 5 } ]
	 }
  },
  {
    "id": "greater_star_pearl",
    "copy-from": "star_pearl",
    "type": "COMESTIBLE",
    "name": { "str": "greater star pearl" },
    "description": "A Pearl treasured by kitsune. This one seems to glimmer with unearthly light.",
    "healthy": 4,
    "price": 200000,
    "price_postapoc": 100,
    "use_action": { 
		"type": "consume_drug",
		"activation_message": "An intense heat surges into you as the pearl crumbles to dust!",
		"effects": [ { "id": "kitsune_gpearl_effect", "duration": 5 } ]
	}
  },
  {
    "type": "SPECIES",
    "id": "FOX",
    "anger_triggers": [ "FRIEND_ATTACKED", "FRIEND_DIED" ],
    "fear_triggers": [ "SOUND", "PLAYER_CLOSE" ]
  },
  {
    "type": "item_group",
    "id": "twotail_pearl",
    "subtype": "collection",
    "items": [ [ "star_pearl", 30 ] ]
  },
  {
    "type": "item_group",
    "id": "threetail_pearl",
    "subtype": "collection",
    "items": [ [ "star_pearl", 50 ] ]
  },
  {
    "type": "item_group",
    "id": "fourtail_pearl",
    "subtype": "collection",
    "items": [ [ "star_pearl", 70 ] ]
  },
  {
    "type": "item_group",
    "id": "fivetail_pearl",
    "subtype": "collection",
    "items": [ [ "star_pearl", 90 ] ]
  },
  {
    "type": "item_group",
    "id": "sixtail_pearl",
    "subtype": "collection",
    "items": [ [ "greater_star_pearl", 30 ] ]
  },
  {
    "type": "item_group",
    "id": "seventail_pearl",
    "subtype": "collection",
    "items": [ [ "greater_star_pearl", 50 ] ]
  },
  {
    "type": "item_group",
    "id": "eighttail_pearl",
    "subtype": "collection",
    "items": [ [ "greater_star_pearl", 70 ] ]
  },
  {
    "type": "item_group",
    "id": "ninetail_pearl",
    "subtype": "collection",
    "items": [ [ "greater_star_pearl", 90 ] ]
  },
  {
    "id": "mon_fox_twotail",
    "type": "MONSTER",
    "name": { "str": "fox", "str_pl": "foxes" },
    "description": "A red fox with two tails.",
    "default_faction": "fox",
    "bodytype": "dog",
    "categories": [ "WILDLIFE" ],
    "species": [ "MAMMAL", "MAGICAL_BEAST", "FOX" ],
    "volume": "4132 ml",
    "weight": "4132 g",
    "hp": 30,
    "speed": 150,
    "material": [ "flesh" ],
    "symbol": "d",
    "color": "red",
    "aggression": -5,
    "morale": 60,
    "melee_skill": 4,
    "melee_dice": 1,
    "melee_dice_sides": 4,
    "melee_cut": 2,
    "armor_fire": 2,
    "dodge": 7,
    "vision_night": 5,
    "harvest": "mammal_tiny",
    "death_drops": "twotail_pearl",
    "special_attacks": [
      { "type": "spell", "spell_data": { "id": "obfuscated_body", "min_level": 1 }, "cooldown": 8 }
    ],
    "anger_triggers": [ "FRIEND_ATTACKED", "FRIEND_DIED" ],
    "fear_triggers": [ "SOUND", "PLAYER_CLOSE" ],
    "placate_triggers": [ "MEAT" ],
    "flags": [ "SEES", "HEARS", "SMELLS", "ANIMAL", "PATH_AVOID_DANGER_1", "WARM", "HIT_AND_RUN", "KEENNOSE" ],
    "upgrades": { "age_grow": 300, "into": "mon_fox_threetail" }
  },
  {
    "id": "mon_fox_threetail",
    "type": "MONSTER",
    "name": { "str": "fox", "str_pl": "foxes" },
    "description": "A red fox with three tails.",
    "default_faction": "fox",
    "bodytype": "dog",
    "categories": [ "WILDLIFE" ],
    "species": [ "MAMMAL", "MAGICAL_BEAST", "FOX" ],
    "volume": "4132 ml",
    "weight": "4132 g",
    "hp": 35,
    "speed": 150,
    "material": [ "flesh" ],
    "symbol": "d",
    "color": "red",
    "aggression": -5,
    "morale": 60,
    "melee_skill": 4,
    "melee_dice": 1,
    "melee_dice_sides": 4,
    "melee_cut": 2,
    "armor_fire": 3,
    "dodge": 7,
    "vision_night": 6,
    "harvest": "mammal_tiny",
    "death_drops": "threetail_pearl",
    "special_attacks": [
      { "type": "spell", "spell_data": { "id": "obfuscated_body", "min_level": 1 }, "cooldown": 7 },
      { "type": "spell", "spell_data": { "id": "summon_foxfire", "min_level": 1 }, "cooldown": 9 }
    ],
    "anger_triggers": [ "FRIEND_ATTACKED", "FRIEND_DIED" ],
    "fear_triggers": [ "SOUND", "PLAYER_CLOSE" ],
    "placate_triggers": [ "MEAT" ],
    "flags": [ "SEES", "HEARS", "SMELLS", "ANIMAL", "PATH_AVOID_DANGER_1", "WARM", "HIT_AND_RUN", "KEENNOSE" ],
    "upgrades": { "age_grow": 400, "into": "mon_fox_fourtail" }
  },
  {
    "id": "mon_fox_fourtail",
    "type": "MONSTER",
    "name": { "str": "fox", "str_pl": "foxes" },
    "description": "A red fox with four tails.",
    "default_faction": "fox",
    "bodytype": "dog",
    "categories": [ "WILDLIFE" ],
    "species": [ "MAMMAL", "MAGICAL_BEAST", "FOX" ],
    "volume": "4132 ml",
    "weight": "4132 g",
    "hp": 40,
    "speed": 150,
    "material": [ "flesh" ],
    "symbol": "d",
    "color": "red",
    "aggression": -5,
    "morale": 60,
    "melee_skill": 4,
    "melee_dice": 1,
    "melee_dice_sides": 4,
    "melee_cut": 2,
    "armor_fire": 4,
    "dodge": 7,
    "vision_night": 6,
    "harvest": "mammal_tiny",
    "death_drops": "fourtail_pearl",
    "special_attacks": [
      { "type": "spell", "spell_data": { "id": "obfuscated_body", "min_level": 2 }, "cooldown": 6 },
      { "type": "spell", "spell_data": { "id": "summon_foxfire", "min_level": 1 }, "cooldown": 8 },
      { "type": "spell", "spell_data": { "id": "kitsune_firebolt", "min_level": 1 }, "cooldown": 10 }
    ],
    "anger_triggers": [ "FRIEND_ATTACKED", "FRIEND_DIED" ],
    "fear_triggers": [ "SOUND", "PLAYER_CLOSE" ],
    "placate_triggers": [ "MEAT" ],
    "flags": [ "SEES", "HEARS", "SMELLS", "ANIMAL", "PATH_AVOID_DANGER_1", "WARM", "HIT_AND_RUN", "KEENNOSE" ],
    "upgrades": { "age_grow": 500, "into": "mon_fox_fivetail" }
  },
  {
    "id": "mon_fox_fivetail",
    "type": "MONSTER",
    "name": { "str": "fox", "str_pl": "foxes" },
    "description": "A red fox with five tails.",
    "default_faction": "fox",
    "bodytype": "dog",
    "categories": [ "WILDLIFE" ],
    "species": [ "MAMMAL", "MAGICAL_BEAST", "FOX" ],
    "volume": "4132 ml",
    "weight": "4132 g",
    "hp": 30,
    "speed": 160,
    "material": [ "flesh" ],
    "symbol": "d",
    "color": "red",
    "aggression": -5,
    "morale": 60,
    "melee_skill": 4,
    "melee_dice": 1,
    "melee_dice_sides": 4,
    "melee_cut": 2,
    "armor_fire": 5,
    "dodge": 7,
    "vision_night": 7,
    "harvest": "mammal_tiny",
    "death_drops": "fivetail_pearl",
    "special_attacks": [
      { "type": "spell", "spell_data": { "id": "obfuscated_body", "min_level": 2 }, "cooldown": 5 },
      { "type": "spell", "spell_data": { "id": "summon_foxfire", "min_level": 2 }, "cooldown": 7 },
      { "type": "spell", "spell_data": { "id": "kitsune_firebolt", "min_level": 1 }, "cooldown": 9 },
      { "type": "spell", "spell_data": { "id": "mon_kitsune_escape", "min_level": 1 }, "cooldown": 11 }
    ],
    "anger_triggers": [ "FRIEND_ATTACKED", "FRIEND_DIED" ],
    "fear_triggers": [ "SOUND", "PLAYER_CLOSE" ],
    "placate_triggers": [ "MEAT" ],
    "flags": [ "SEES", "HEARS", "SMELLS", "ANIMAL", "PATH_AVOID_DANGER_1", "WARM", "HIT_AND_RUN", "KEENNOSE" ]
  }
]
