[
  {
	"type": "effect_type",
	"id": "kitsune_pearl_effect",
	"max_duration": "10s",
	"name": [ "Star Pearl" ],
	"desc": [
		"Just used for mutations. You shouldn't see this."
	]
  },
  {
	"type": "effect_type",
	"id": "kitsune_gpearl_effect",
	"max_duration": "10s",
	"name": [ "Greater Star Pearl" ],
	"desc": [
		"Just used for mutations. You shouldn't see this."
	]
  },
  {
	"type": "effect_on_condition",
	"id": "kitsune_eoc",
	"recurrence": [ "1 s", "1 s" ],
	"condition": { "u_has_effect" : "kitsune_pearl_effect" },
	"effect": [
	  {
	    "u_message": "You feel a warmth grow inside you.",
		"type": "mixed"
	  },
	  { "u_mutate_category" : "KITSUNE", "use_vitamins": false },
	  { "u_lose_effect" : "kitsune_pearl_effect" }
	]
   },
   {
	 "type": "effect_on_condition",
	 "id": "kitsune_gpearl_eoc",
	 "recurrence": [ "1 s", "1 s" ],
	 "condition": { "u_has_effect" : "kitsune_gpearl_effect" },
	 "effect": [
		{
		   "u_message": "You feel a great warmth well up from within you",
		   "type": "mixed"
		},
		{ "run_eocs": [ "kitsune_thresh_test" ] },
		{ "u_mutate_category" : "KITSUNE", "use_vitamins": false },
		{ "run_eocs": [ "kitsune_trigger_bonus" ] },
		{ "u_lose_effect" : "kitsune_gpearl_effect" }
	  ]
	},
	{
		"type": "effect_on_condition",
		"id": "kitsune_trigger_bonus",
		"condition": { "one_in_chance": 2 },
		"effect": [
		  { "u_mutate_category" : "KITSUNE", "use_vitamins": false }
		]
	},
	{
		"type": "effect_on_condition",
		"id": "kitsune_thresh_test",
		"condition": {
		  "and": [
		     { "u_has_flag": "KITSUNE_MARKER_EARS" },
			 { "u_has_flag": "KITSUNE_MARKER_FACE" },
			 { "u_has_flag": "KITSUNE_MARKER_TAIL" },
			 { "not": { "u_has_flag": "MUTATION_THRESHOLD" } }
			]
		},
		"effect": [
			{
				"u_message": "You feel the heat building within you, burning away the a fog around your mind you never knew was there before.",
				"type": "good"
			},
			{ "u_add_trait" : "THRESH_KITSUNE" }
		]
	},
  {
	"id": "mutagen_kitsune",
	"type": "vitamin",
	"vit_type": "counter",
	"name": { "str": "Kitsune Mutagen" },
	"excess": "mutagen_kitsune",
	"min": 0,
	"max": 2500,
	"rate": "1h",
	"disease_excess": [ [ 100, 500 ], [ 501, 2199 ], [ 2200, 250 ] ]
  },
  {
	"type": "effect_type",
	"id": "mutagen_kitsune",
	"name": [ "Kitsune Mutation", "Kitsune Transformation", "Kitsune Metamorphosis" ],
	"desc": [
	  "You absorbed mutagenic energies.",
	  "You absorbed a large amount of mutagenic energies.",
	  "You absorbed a life-changing amout of mutagenic energies."
	],
	"max_intensity": 3,
	"rating": "good"
  }
]